Region;Provincia;Canton;Sucursal
SIERRA;AZUAY;CAMILO PONCE ENRIQUEZ;ECONOMICAS
SIERRA;AZUAY;CUENCA;ECONOMICAS
SIERRA;AZUAY;GUALACEO;ECONOMICAS
SIERRA;AZUAY;PAUTE;ECONOMICAS
SIERRA;AZUAY;SANTA ISABEL;ECONOMICAS
SIERRA;AZUAY;SIGSIG;ECONOMICAS
SIERRA;AZUAY;CUENCA;MEDICITY
SIERRA;BOLIVAR;CALUMA;ECONOMICAS
SIERRA;BOLIVAR;CHILLANES;ECONOMICAS
SIERRA;BOLIVAR;CHIMBO;ECONOMICAS
SIERRA;BOLIVAR;ECHEANDIA;ECONOMICAS
SIERRA;BOLIVAR;GUARANDA;ECONOMICAS
SIERRA;BOLIVAR;SAN MIGUEL;ECONOMICAS
SIERRA;CARCHI;BOLIVAR;ECONOMICAS
SIERRA;CARCHI;ESPEJO;ECONOMICAS
SIERRA;CARCHI;MIRA;ECONOMICAS
SIERRA;CARCHI;MONTUFAR;ECONOMICAS
SIERRA;CARCHI;SAN PEDRO DE HUACA;ECONOMICAS
SIERRA;CARCHI;TULCAN;ECONOMICAS
SIERRA;CHIMBORAZO;ALAUSI;ECONOMICAS
SIERRA;CHIMBORAZO;CHAMBO;ECONOMICAS
SIERRA;CHIMBORAZO;CHUNCHI;ECONOMICAS
SIERRA;CHIMBORAZO;COLTA;ECONOMICAS
SIERRA;CHIMBORAZO;CUMANDA;ECONOMICAS
SIERRA;CHIMBORAZO;GUANO;ECONOMICAS
SIERRA;CHIMBORAZO;PALLATANGA;ECONOMICAS
SIERRA;CHIMBORAZO;RIOBAMBA;ECONOMICAS
SIERRA;CHIMBORAZO;RIOBAMBA;MEDICITY
SIERRA;COTOPAXI;LA MANA;ECONOMICAS
SIERRA;COTOPAXI;LATACUNGA;ECONOMICAS
SIERRA;COTOPAXI;PANGUA;ECONOMICAS
SIERRA;COTOPAXI;PUJILI;ECONOMICAS
SIERRA;COTOPAXI;SALCEDO;ECONOMICAS
SIERRA;COTOPAXI;SAQUISILI;ECONOMICAS
SIERRA;IMBABURA;ANTONIO ANTE;ECONOMICAS
SIERRA;IMBABURA;COTACACHI;ECONOMICAS
SIERRA;IMBABURA;IBARRA;ECONOMICAS
SIERRA;IMBABURA;OTAVALO;ECONOMICAS
SIERRA;IMBABURA;PIMAMPIRO;ECONOMICAS
SIERRA;IMBABURA;URCUQUI;ECONOMICAS
SIERRA;IMBABURA;IBARRA;MEDICITY
SIERRA;LOJA;CALVAS;ECONOMICAS
SIERRA;LOJA;CATAMAYO;ECONOMICAS
SIERRA;LOJA;LOJA;ECONOMICAS
SIERRA;LOJA;MACARA;ECONOMICAS
SIERRA;LOJA;ZAPOTILLO;ECONOMICAS
SIERRA;PICHINCHA;CAYAMBE;ECONOMICAS
SIERRA;PICHINCHA;MEJIA;ECONOMICAS
SIERRA;PICHINCHA;PEDRO MONCAYO;ECONOMICAS
SIERRA;PICHINCHA;PEDRO VICENTE MALDONADO;ECONOMICAS
SIERRA;PICHINCHA;PUERTO QUITO;ECONOMICAS
SIERRA;PICHINCHA;QUITO;ECONOMICAS
SIERRA;PICHINCHA;SAN MIGUEL DE LOS BANCOS;ECONOMICAS
SIERRA;PICHINCHA;CAYAMBE;MEDICITY
SIERRA;PICHINCHA;QUITO;MEDICITY
SIERRA;TUNGURAHUA;AMBATO;ECONOMICAS
SIERRA;TUNGURAHUA;CEVALLOS;ECONOMICAS
SIERRA;TUNGURAHUA;MOCHA;ECONOMICAS
SIERRA;TUNGURAHUA;PATATE;ECONOMICAS
SIERRA;TUNGURAHUA;PELILEO;ECONOMICAS
SIERRA;TUNGURAHUA;PILLARO;ECONOMICAS
SIERRA;TUNGURAHUA;QUERO;ECONOMICAS
SIERRA;TUNGURAHUA;TISALEO;ECONOMICAS
SIERRA;TUNGURAHUA;AMBATO;MEDICITY
COSTA;EL ORO;ARENILLAS;ECONOMICAS
COSTA;EL ORO;EL GUABO;ECONOMICAS
COSTA;EL ORO;HUAQUILLAS;ECONOMICAS
COSTA;EL ORO;MACHALA;ECONOMICAS
COSTA;EL ORO;PASAJE;ECONOMICAS
COSTA;EL ORO;PORTOVELO;ECONOMICAS
COSTA;EL ORO;SANTA ROSA;ECONOMICAS
COSTA;EL ORO;ZARUMA;ECONOMICAS
COSTA;ESMERALDAS;ATACAMES;ECONOMICAS
COSTA;ESMERALDAS;ELOY ALFARO;ECONOMICAS
COSTA;ESMERALDAS;ESMERALDAS;ECONOMICAS
COSTA;ESMERALDAS;MUISNE;ECONOMICAS
COSTA;ESMERALDAS;QUININDE;ECONOMICAS
COSTA;ESMERALDAS;SAN LORENZO;ECONOMICAS
COSTA;ESMERALDAS;ESMERALDAS;MEDICITY
COSTA;GUAYAS;BALAO;ECONOMICAS
COSTA;GUAYAS;BALZAR;ECONOMICAS
COSTA;GUAYAS;DAULE;ECONOMICAS
COSTA;GUAYAS;DURAN;ECONOMICAS
COSTA;GUAYAS;EL EMPALME;ECONOMICAS
COSTA;GUAYAS;EL TRIUNFO;ECONOMICAS
COSTA;GUAYAS;GUAYAQUIL;ECONOMICAS
COSTA;GUAYAS;ISIDRO AYORA;ECONOMICAS
COSTA;GUAYAS;MILAGRO;ECONOMICAS
COSTA;GUAYAS;NARANJAL;ECONOMICAS
COSTA;GUAYAS;NARANJITO;ECONOMICAS
COSTA;GUAYAS;PEDRO CARBO;ECONOMICAS
COSTA;GUAYAS;PLAYAS;ECONOMICAS
COSTA;GUAYAS;SALITRE;ECONOMICAS
COSTA;GUAYAS;SAMBORONDON;ECONOMICAS
COSTA;GUAYAS;SANTA LUCIA;ECONOMICAS
COSTA;GUAYAS;SIMON BOLIVAR;ECONOMICAS
COSTA;GUAYAS;YAGUACHI;ECONOMICAS
COSTA;GUAYAS;DAULE;MEDICITY
COSTA;GUAYAS;GUAYAQUIL;MEDICITY
COSTA;GUAYAS;SAMBORONDON;MEDICITY
COSTA;LOS RIOS;BABA;ECONOMICAS
COSTA;LOS RIOS;BABAHOYO;ECONOMICAS
COSTA;LOS RIOS;BUENA FE;ECONOMICAS
COSTA;LOS RIOS;MOCACHE;ECONOMICAS
COSTA;LOS RIOS;MONTALVO;ECONOMICAS
COSTA;LOS RIOS;PUEBLO VIEJO;ECONOMICAS
COSTA;LOS RIOS;QUEVEDO;ECONOMICAS
COSTA;LOS RIOS;QUINSALOMA;ECONOMICAS
COSTA;LOS RIOS;URDANETA;ECONOMICAS
COSTA;LOS RIOS;VALENCIA;ECONOMICAS
COSTA;LOS RIOS;VENTANAS;ECONOMICAS
COSTA;LOS RIOS;VINCES;ECONOMICAS
COSTA;MANABI;24 DE MAYO;ECONOMICAS
COSTA;MANABI;BOLIVAR;ECONOMICAS
COSTA;MANABI;CHONE;ECONOMICAS
COSTA;MANABI;EL CARMEN;ECONOMICAS
COSTA;MANABI;FLAVIO ALFARO;ECONOMICAS
COSTA;MANABI;JARAMIJO;ECONOMICAS
COSTA;MANABI;JIPIJAPA;ECONOMICAS
COSTA;MANABI;JUNIN;ECONOMICAS
COSTA;MANABI;MANTA;ECONOMICAS
COSTA;MANABI;MONTECRISTI;ECONOMICAS
COSTA;MANABI;OLMEDO;ECONOMICAS
COSTA;MANABI;PEDERNALES;ECONOMICAS
COSTA;MANABI;PORTOVIEJO;ECONOMICAS
COSTA;MANABI;PUERTO LOPEZ;ECONOMICAS
COSTA;MANABI;ROCAFUERTE;ECONOMICAS
COSTA;MANABI;SAN VICENTE;ECONOMICAS
COSTA;MANABI;SANTA ANA;ECONOMICAS
COSTA;MANABI;SUCRE;ECONOMICAS
COSTA;MANABI;TOSAGUA;ECONOMICAS
COSTA;MANABI;MANTA;MEDICITY
COSTA;SANTA ELENA;LA LIBERTAD;ECONOMICAS
COSTA;SANTA ELENA;SALINAS;ECONOMICAS
COSTA;SANTA ELENA;SANTA ELENA;ECONOMICAS
COSTA;SANTA ELENA;SALINAS;MEDICITY
COSTA;STO DGO TSACHILAS;LA CONCORDIA;ECONOMICAS
COSTA;STO DGO TSACHILAS;SANTO DOMINGO;ECONOMICAS
ORIENTE;MORONA SANTIAGO;MORONA;ECONOMICAS
ORIENTE;MORONA SANTIAGO;PALORA;ECONOMICAS
ORIENTE;MORONA SANTIAGO;SANTIAGO;ECONOMICAS
ORIENTE;MORONA SANTIAGO;SUCUA;ECONOMICAS
ORIENTE;NAPO;ARCHIDONA;ECONOMICAS
ORIENTE;NAPO;EL CHACO;ECONOMICAS
ORIENTE;NAPO;TENA;ECONOMICAS
ORIENTE;ORELLANA;JOYA DE LOS SACHAS;ECONOMICAS
ORIENTE;ORELLANA;LORETO;ECONOMICAS
ORIENTE;PASTAZA;MERA;ECONOMICAS
ORIENTE;PASTAZA;PASTAZA;ECONOMICAS
ORIENTE;SUCUMBIOS;LAGO AGRIO;ECONOMICAS
ORIENTE;SUCUMBIOS;SHUSHUFINDI;ECONOMICAS
ORIENTE;ZAMORA CHINCHIPE;ZAMORA;ECONOMICAS
